,Supplier_Lead_Time,Inventory_Levels,Order_Frequency,Delivery_Performance,Cost_Per_Unit
Supplier_Lead_Time,1.0,0.36058330638379466,-0.9147836235859689,-0.9279997391672307,0.9676266861933739
Inventory_Levels,0.36058330638379466,1.0,-0.38643153011467635,-0.3756594695764885,0.33515942911836294
Order_Frequency,-0.9147836235859689,-0.38643153011467635,1.0,0.8467950344553253,-0.8984461378436088
Delivery_Performance,-0.9279997391672307,-0.3756594695764885,0.8467950344553253,1.0,-0.9309336861676256
Cost_Per_Unit,0.9676266861933739,0.33515942911836294,-0.8984461378436088,-0.9309336861676256,1.0
